Time,Kinetic,Potential,Total
0,85.4991,-5860.28,-5774.78
0.01,96.2546,-5871.03,-5774.78
0.02,131.545,-5906.32,-5774.78
0.03,193.272,-5968.05,-5774.77
0.04,284.584,-6059.36,-5774.77
0.05,409.717,-6184.49,-5774.77
0.06,573.18,-6347.95,-5774.77
0.07,777.186,-6551.96,-5774.77
0.08,1015.54,-6790.34,-5774.79
0.09,1265.33,-7040.16,-5774.83
0.1,1492.14,-7267,-5774.86
0.11,1685.91,-7460.75,-5774.84
0.12,1919.97,-7694.82,-5774.85
0.13,2212.53,-7987.49,-5774.96
0.14,2495.04,-8269.98,-5774.94
0.15,2804.4,-8579.62,-5775.22
0.16,2859.82,-8635.07,-5775.25
0.17,2883.49,-8658.19,-5774.7
0.18,3414.55,-9190.21,-5775.66
0.19,3513.17,-9288.45,-5775.28
0.2,3596.64,-9372.22,-5775.58
0.21,3900.87,-9676.59,-5775.71
0.22,4297.36,-10072.9,-5775.57
0.23,4567.05,-10343,-5775.91
0.24,4447.7,-10223,-5775.3
0.25,4562.15,-10337.7,-5775.51
0.26,4688.87,-10464.8,-5775.97
0.27,4365.23,-10139.2,-5773.97
0.28,4770.91,-10546.6,-5775.67
0.29,4911.7,-10687.6,-5775.95
0.3,4672.7,-10447.9,-5775.24
0.31,4691.3,-10467,-5775.73
0.32,4772.3,-10548.4,-5776.11
0.33,4464.95,-10240.2,-5775.3
0.34,4461.94,-10237.9,-5775.91
0.35,4732.28,-10508.8,-5776.49
0.36,4781.18,-10557.4,-5776.22
0.37,4654.04,-10429.4,-5775.34
0.38,4762.88,-10538.8,-5775.87
0.39,4541.82,-10316.8,-5775.02
0.4,4731.15,-10507.2,-5776.02
0.41,4283.71,-10059.2,-5775.46
0.42,4132.83,-9907.6,-5774.77
0.43,4535.52,-10311.7,-5776.13
0.44,4371.6,-10147.2,-5775.59
0.45,4239.54,-10015.1,-5775.55
0.46,4362.74,-10138.4,-5775.67
0.47,4672.45,-10448.4,-5775.92
0.48,4719.8,-10495.3,-5775.51
0.49,4543.19,-10318.4,-5775.26
0.5,4700.36,-10476,-5775.66
0.51,4807.68,-10583.3,-5775.59
0.52,4639.08,-10414.6,-5775.47
0.53,4447.41,-10222.6,-5775.2
0.54,4479.72,-10254.9,-5775.13
0.55,4697.28,-10473.1,-5775.85
0.56,4544.85,-10320,-5775.11
0.57,4657.22,-10433,-5775.75
0.58,4708.47,-10483.9,-5775.39
0.59,4850.52,-10626.2,-5775.68
0.6,4827.99,-10603.3,-5775.29
0.61,4634.6,-10410.3,-5775.73
0.62,4220.34,-9995.63,-5775.29
0.63,4405.8,-10180.8,-5775.03
0.64,4848.01,-10624.1,-5776.04
0.65,4720.12,-10495.6,-5775.51
0.66,4731.86,-10507.1,-5775.29
0.67,4686.3,-10462.4,-5776.05
0.68,4346.66,-10122,-5775.31
0.69,4558.97,-10334.4,-5775.41
0.7,4762.27,-10538.7,-5776.47
0.71,4266.74,-10041.6,-5774.85
0.72,4293.64,-10070.9,-5777.22
0.73,4459.31,-10236,-5776.72
0.74,4400.01,-10176,-5775.97
0.75,4215.23,-9990.93,-5775.7
0.76,4457.99,-10233.8,-5775.84
0.77,4472.91,-10248.4,-5775.49
0.78,4454.36,-10230.1,-5775.7
0.79,4421.08,-10196.3,-5775.22
0.8,4214.69,-9989.95,-5775.25
0.81,4157.09,-9932.38,-5775.29
0.82,4325.18,-10100.9,-5775.76
0.83,4422.98,-10197.8,-5774.86
0.84,4727.05,-10503.2,-5776.15
0.85,4348.04,-10123,-5774.94
0.86,4567.78,-10343.7,-5775.92
0.87,4498.83,-10274.4,-5775.56
0.88,4254.22,-10029.6,-5775.37
0.89,4448.41,-10224.6,-5776.14
0.9,4439.94,-10215.1,-5775.13
0.91,4544.25,-10319.8,-5775.57
0.92,4411.81,-10187.3,-5775.47
0.93,4161.17,-9936.45,-5775.28
0.94,4233.83,-10009.1,-5775.3
0.95,4401.2,-10176.7,-5775.51
0.96,4296.9,-10072.1,-5775.24
0.97,4304.05,-10079.4,-5775.34
0.98,4526.55,-10301.8,-5775.3
0.99,4638.75,-10414.3,-5775.57
1,4394.78,-10170.1,-5775.36
1.01,4263.76,-10039.1,-5775.31
1.02,4410.5,-10186.4,-5775.87
1.03,4372.43,-10148.3,-5775.85
1.04,4178.27,-9953.65,-5775.39
1.05,4141.35,-9916.27,-5774.91
1.06,4603.11,-10378.9,-5775.75
1.07,4789.4,-10564.8,-5775.37
1.08,4833.82,-10609.1,-5775.3
1.09,4566.94,-10342.5,-5775.53
1.1,4360.56,-10136.1,-5775.55
1.11,4608.43,-10384.1,-5775.68
1.12,4682.4,-10457.8,-5775.37
1.13,4717.74,-10493.6,-5775.85
1.14,4598.61,-10373.9,-5775.31
1.15,4562.2,-10337.7,-5775.5
1.16,4598.47,-10374,-5775.55
1.17,4625.98,-10401.6,-5775.65
1.18,4546.3,-10321.6,-5775.32
1.19,4556.65,-10332.5,-5775.82
1.2,4380.5,-10156.2,-5775.66
1.21,4349.7,-10124.8,-5775.15
1.22,4642.4,-10418,-5775.64
1.23,4638.09,-10413.4,-5775.32
1.24,4550.3,-10325.8,-5775.48
1.25,4472.38,-10247.8,-5775.43
1.26,4391.45,-10166.8,-5775.36
1.27,4393.3,-10168.8,-5775.47
1.28,4360.27,-10135.5,-5775.2
1.29,4434.15,-10209.9,-5775.74
1.3,4197.44,-9972.95,-5775.51
1.31,4246.71,-10022.4,-5775.72
1.32,4382.41,-10157.8,-5775.44
1.33,4364.25,-10140.2,-5775.91
1.34,3969.92,-9744,-5774.07
1.35,4679.03,-10455.2,-5776.13
1.36,4770.96,-10546.4,-5775.44
1.37,4647.77,-10423.2,-5775.41
1.38,4536.01,-10311.4,-5775.41
1.39,4490.23,-10265.5,-5775.28
1.4,4635.8,-10411.8,-5775.95
1.41,4401.47,-10177.6,-5776.1
1.42,4546.22,-10322.5,-5776.26
1.43,4705.16,-10481,-5775.89
1.44,4435.67,-10210.9,-5775.24
1.45,4386.1,-10162,-5775.88
1.46,4239.48,-10014.5,-5774.99
1.47,4586.1,-10361.7,-5775.63
1.48,4698.98,-10474.7,-5775.72
1.49,4290,-10064.9,-5774.92
1.5,4398.22,-10173.9,-5775.73
1.51,4389.94,-10165.5,-5775.61
1.52,4398.44,-10174,-5775.59
1.53,4489.83,-10265.4,-5775.58
1.54,4441.55,-10217.2,-5775.64
1.55,4334.98,-10109.9,-5774.89
1.56,4484.18,-10259.9,-5775.77
1.57,4342.87,-10118.2,-5775.34
1.58,4270.29,-10046,-5775.73
1.59,4169.38,-9944.62,-5775.24
1.6,4388.74,-10164.6,-5775.88
1.61,4299.86,-10075,-5775.15
1.62,4367.18,-10142.5,-5775.27
1.63,4379,-10154.9,-5775.86
1.64,4010.35,-9785.2,-5774.85
1.65,4130.24,-9905.58,-5775.33
1.66,4155.84,-9931.24,-5775.4
1.67,4173.67,-9948.76,-5775.09
1.68,4335.88,-10111.4,-5775.49
1.69,4209.07,-9984.57,-5775.51
1.7,3998.76,-9773.7,-5774.95
1.71,4089.73,-9865.32,-5775.59
1.72,4171.54,-9947.6,-5776.05
1.73,3878.66,-9653.62,-5774.95
1.74,4034.45,-9810.36,-5775.91
1.75,4175,-9950.9,-5775.9
1.76,4280.95,-10056.3,-5775.36
1.77,4207.04,-9982.12,-5775.08
1.78,4347.72,-10123.3,-5775.54
1.79,4264.59,-10040,-5775.45
1.8,4081.22,-9856.6,-5775.38
1.81,4191.58,-9966.8,-5775.22
1.82,4479.39,-10255.3,-5775.92
1.83,4419.78,-10195,-5775.24
1.84,4605.74,-10381.3,-5775.57
1.85,4677.02,-10452.8,-5775.77
1.86,4423.45,-10198.6,-5775.14
1.87,4376.88,-10152.5,-5775.61
1.88,4521.58,-10297,-5775.39
1.89,4690.33,-10466,-5775.62
1.9,4576.4,-10351.9,-5775.46
1.91,4615.62,-10390.9,-5775.3
1.92,4702.95,-10479.1,-5776.13
1.93,4438.08,-10213.3,-5775.21
1.94,4765.51,-10541.4,-5775.87
1.95,4686.89,-10462.4,-5775.48
1.96,4509.93,-10285.1,-5775.15
1.97,4693.3,-10469,-5775.71
1.98,4540.23,-10315.5,-5775.32
1.99,4482.9,-10257.9,-5775.04
2,4746.6,-10522.3,-5775.72
2.01,4522.14,-10298.1,-5775.93
2.02,4538.68,-10314.3,-5775.62
2.03,4898.22,-10673.9,-5775.73
2.04,4615.33,-10390.5,-5775.16
2.05,4498.24,-10273.4,-5775.2
2.06,4647.64,-10423.2,-5775.54
2.07,4589.22,-10364.4,-5775.2
2.08,4555.22,-10331.3,-5776.05
2.09,4192.75,-9967.51,-5774.76
2.1,4408.99,-10184.8,-5775.79
2.11,4314.21,-10089.5,-5775.26
2.12,4397.12,-10172.5,-5775.41
2.13,4430.56,-10205.8,-5775.19
2.14,4516.18,-10291.9,-5775.75
2.15,4240.67,-10015.8,-5775.17
2.16,4366.49,-10142.3,-5775.8
2.17,4334.58,-10110,-5775.43
2.18,4260.77,-10035.8,-5775.07
2.19,4710.46,-10486.3,-5775.88
2.2,4761.65,-10537,-5775.32
2.21,4634.04,-10409.7,-5775.64
2.22,4569.02,-10345.1,-5776.08
2.23,4660.79,-10436.4,-5775.64
2.24,4619.61,-10395.3,-5775.71
2.25,4482.2,-10257.4,-5775.16
2.26,4589.95,-10365.5,-5775.54
2.27,4593.58,-10369.1,-5775.49
2.28,4574.94,-10350.1,-5775.21
2.29,4723.12,-10498.7,-5775.56
2.3,4562.32,-10337.6,-5775.32
2.31,4375.03,-10149.6,-5774.55
2.32,4845.22,-10621,-5775.78
2.33,4969.55,-10744.8,-5775.24
2.34,4873.95,-10650,-5776.08
2.35,4423.89,-10199.5,-5775.66
2.36,4607.2,-10382.6,-5775.36
2.37,4706.02,-10481.5,-5775.46
2.38,4505.07,-10280.8,-5775.78
2.39,4343.6,-10119.2,-5775.59
2.4,4504.36,-10280.4,-5776.08
2.41,4444.48,-10219.4,-5774.97
2.42,4746.17,-10521.8,-5775.62
2.43,4629.81,-10405.4,-5775.6
2.44,4378.76,-10153.9,-5775.11
2.45,4518.4,-10294.3,-5775.92
2.46,4497.02,-10272.5,-5775.52
2.47,4685.3,-10460.5,-5775.2
2.48,4900.17,-10675.8,-5775.59
2.49,4705.64,-10481.2,-5775.51
2.5,4473,-10248,-5774.98
2.51,4584.88,-10360.9,-5775.99
2.52,4466.48,-10241.7,-5775.25
2.53,4544.21,-10320.1,-5775.87
2.54,4366.61,-10141.6,-5774.99
2.55,4683.4,-10459.2,-5775.78
2.56,4471.58,-10247.3,-5775.72
2.57,4187.71,-9963.05,-5775.34
2.58,4381.42,-10157.5,-5776.09
2.59,4059.28,-9833.82,-5774.55
2.6,4390.97,-10167,-5776.01
2.61,4185.27,-9960.67,-5775.4
2.62,4233.14,-10009.1,-5775.94
2.63,4304.17,-10080.7,-5776.53
2.64,4030.13,-9806.34,-5776.21
2.65,4293.54,-10069.6,-5776.09
2.66,4486.73,-10262.3,-5775.61
2.67,4328.4,-10103.6,-5775.2
2.68,4348.57,-10124.1,-5775.5
2.69,4323.38,-10098.7,-5775.36
2.7,4122.2,-9897.46,-5775.26
2.71,4084.95,-9859.88,-5774.93
2.72,4378.4,-10153.9,-5775.48
2.73,4464.66,-10240,-5775.31
2.74,4402.02,-10177.8,-5775.74
2.75,4126.94,-9902.27,-5775.32
2.76,4219.27,-9994.84,-5775.57
2.77,4380.73,-10156.1,-5775.39
2.78,4525.94,-10301.6,-5775.65
2.79,4398.94,-10174.6,-5775.65
2.8,4127.79,-9903,-5775.21
2.81,4199.68,-9974.87,-5775.19
2.82,4523.21,-10299,-5775.83
2.83,4405.94,-10180.9,-5774.96
2.84,4391.91,-10167.8,-5775.85
2.85,4012.93,-9788.32,-5775.39
2.86,4269.25,-10045.4,-5776.16
2.87,4352.94,-10128.8,-5775.84
2.88,4188.82,-9964.69,-5775.87
2.89,4191.7,-9966.93,-5775.22
2.9,4495.74,-10271.4,-5775.62
2.91,4503.21,-10278.7,-5775.49
2.92,4444.05,-10219.5,-5775.45
2.93,4464.05,-10239.2,-5775.19
2.94,4607.44,-10383,-5775.55
2.95,4521.31,-10296.9,-5775.61
2.96,4304.56,-10080,-5775.45
2.97,4291.97,-10067.4,-5775.46
2.98,4488.73,-10264.3,-5775.56
2.99,4539.84,-10315.6,-5775.79
3,4418.44,-10194.1,-5775.64
3.01,4342.99,-10118.1,-5775.11
3.02,4461.22,-10237,-5775.78
3.03,4332.74,-10107.9,-5775.13
3.04,4563.52,-10339.1,-5775.55
3.05,4714.9,-10490.7,-5775.77
3.06,4333.94,-10109.5,-5775.53
3.07,4477.19,-10253.3,-5776.07
3.08,4562.14,-10337.9,-5775.72
3.09,4276.6,-10051.7,-5775.12
3.1,4377.83,-10153.4,-5775.52
3.11,4604.96,-10380.6,-5775.62
3.12,4611.9,-10387,-5775.09
3.13,4533.67,-10309.3,-5775.65
3.14,4265.46,-10040.2,-5774.72
3.15,4402.92,-10178.3,-5775.35
3.16,4353.36,-10129,-5775.63
3.17,4038.83,-9813.99,-5775.16
3.18,4031.87,-9806.91,-5775.04
3.19,4277.57,-10053.3,-5775.75
3.2,4037.43,-9812.41,-5774.97
3.21,4008.81,-9784.19,-5775.39
3.22,4086.72,-9861.88,-5775.16
3.23,4224.91,-10000.3,-5775.36
3.24,4090.83,-9866.1,-5775.27
3.25,3934.8,-9709.93,-5775.13
3.26,3888.27,-9663.56,-5775.3
3.27,3753.51,-9529.12,-5775.61
3.28,3534.79,-9309.81,-5775.02
3.29,3838.51,-9613.71,-5775.2
3.3,4103.83,-9879.25,-5775.42
3.31,3940.45,-9715.45,-5775
3.32,3913.57,-9688.46,-5774.9
3.33,4095.29,-9870.47,-5775.19
3.34,4198.79,-9974.03,-5775.23
3.35,4204.57,-9979.64,-5775.07
3.36,4207.41,-9982.44,-5775.03
3.37,4181.57,-9957.1,-5775.53
3.38,4015.69,-9790.89,-5775.19
3.39,4284.37,-10060.2,-5775.8
3.4,4317.78,-10093.2,-5775.44
3.41,4344.59,-10120.2,-5775.58
3.42,4444.96,-10220.2,-5775.25
3.43,4347.69,-10124.5,-5776.77
3.44,4015.9,-9790.89,-5774.99
3.45,4907.85,-10683.8,-5775.92
3.46,5096.08,-10871.1,-5775.05
3.47,5254.88,-11030.5,-5775.66
3.48,4947.73,-10723.1,-5775.33
3.49,5047.21,-10823.6,-5776.44
3.5,4848.36,-10623.9,-5775.58
3.51,4841.97,-10618.1,-5776.17
3.52,5097.03,-10873.1,-5776.08
3.53,5165.41,-10941.9,-5776.45
3.54,4939.18,-10714.9,-5775.74
3.55,5216.31,-10991.9,-5775.6
3.56,5217.28,-10992.6,-5775.29
3.57,5125.32,-10900.7,-5775.42
3.58,5002.69,-10777.5,-5774.8
3.59,5114.8,-10890.6,-5775.82
3.6,4642.25,-10417.6,-5775.37
3.61,4546.65,-10322,-5775.35
3.62,4840.93,-10616.4,-5775.5
3.63,4773.32,-10548.7,-5775.34
3.64,4616.33,-10391.4,-5775.1
3.65,4575.58,-10351,-5775.38
3.66,4612.5,-10388,-5775.53
3.67,4629.34,-10405.1,-5775.75
3.68,4435.7,-10211.1,-5775.41
3.69,4409.87,-10185.3,-5775.39
3.7,4446.54,-10221.9,-5775.36
3.71,4478.47,-10253.7,-5775.18
3.72,4618.96,-10394.1,-5775.17
3.73,4724.01,-10499.7,-5775.65
3.74,4437.16,-10212.5,-5775.33
3.75,4271.87,-10047.1,-5775.21
3.76,4217.87,-9993.18,-5775.31
3.77,4275.7,-10050.9,-5775.19
3.78,4564.66,-10340.2,-5775.53
3.79,4563.88,-10339.2,-5775.31
3.8,4499.89,-10275.1,-5775.23
3.81,4440.3,-10215.6,-5775.29
3.82,4490.62,-10266.1,-5775.44
3.83,4528.01,-10303.3,-5775.26
3.84,4495.7,-10271,-5775.33
3.85,4572.61,-10348.5,-5775.93
3.86,4547.7,-10323.2,-5775.52
3.87,4660.99,-10436.7,-5775.67
3.88,4503.8,-10279.4,-5775.57
3.89,4480.45,-10255.9,-5775.44
3.9,4652.35,-10428.2,-5775.8
3.91,4470.6,-10246.2,-5775.6
3.92,4543.83,-10319.2,-5775.34
3.93,4672.7,-10448.1,-5775.45
3.94,4531,-10306.3,-5775.28
3.95,4509.36,-10284.3,-5774.98
3.96,4604.19,-10379.8,-5775.57
3.97,4263.75,-10039.1,-5775.36
3.98,4012.32,-9787.22,-5774.9
3.99,4264.62,-10040.3,-5775.7
4,4270.75,-10046,-5775.24
4.01,4366,-10141.8,-5775.84
4.02,4312.81,-10089.2,-5776.44
4.03,4295.75,-10072.1,-5776.37
4.04,4443.84,-10219.4,-5775.57
4.05,4219.01,-9994.11,-5775.09
4.06,4294.87,-10070.2,-5775.32
4.07,4608.45,-10384,-5775.54
4.08,4495.84,-10271.1,-5775.23
4.09,4348.82,-10123.4,-5774.57
4.1,4435.81,-10211,-5775.22
4.11,4500.33,-10275.6,-5775.23
4.12,4656.14,-10431.8,-5775.65
4.13,4639.08,-10414.9,-5775.87
4.14,4507.38,-10282.2,-5774.82
4.15,4488.57,-10263.9,-5775.31
4.16,4451.59,-10227,-5775.37
4.17,4415.95,-10191.3,-5775.37
4.18,4528.41,-10303.8,-5775.41
4.19,4586.03,-10361.5,-5775.45
4.2,4489,-10264.4,-5775.42
4.21,4312.88,-10088.1,-5775.22
4.22,4255.82,-10031.1,-5775.31
4.23,4231.56,-10006.8,-5775.27
4.24,4334.5,-10109.7,-5775.23
4.25,4519.29,-10294.7,-5775.4
4.26,4647.45,-10422.9,-5775.42
4.27,4628.16,-10403.3,-5775.09
4.28,4516.97,-10292.3,-5775.36
4.29,4362.97,-10138.1,-5775.17
4.3,4425.56,-10200.9,-5775.33
4.31,4483.13,-10258.4,-5775.31
4.32,4441.91,-10217.1,-5775.15
4.33,4518.8,-10294.4,-5775.56
4.34,4328.33,-10103.8,-5775.48
4.35,4225.09,-10000.9,-5775.86
4.36,4495.28,-10271.4,-5776.12
4.37,4482.25,-10257.4,-5775.16
4.38,4477.21,-10252.7,-5775.45
4.39,4640.69,-10416.1,-5775.45
4.4,4824.78,-10600.4,-5775.59
4.41,4700.38,-10475.4,-5775.01
4.42,4915.26,-10690.9,-5775.6
4.43,5029.65,-10805.8,-5776.13
4.44,4621.25,-10396,-5774.8
4.45,4859.53,-10635.4,-5775.85
4.46,4772.4,-10547.6,-5775.2
4.47,4865.85,-10641.4,-5775.52
4.48,5205.36,-10981.3,-5775.89
4.49,5218.09,-10993.4,-5775.28
4.5,4950.25,-10725.2,-5774.98
4.51,5144.37,-10920.3,-5775.97
4.52,5038.82,-10814.2,-5775.36
4.53,5008.64,-10784.3,-5775.7
4.54,5218.01,-10993.5,-5775.53
4.55,5413.65,-11189.7,-5776.01
4.56,5031.01,-10805.9,-5774.87
4.57,5230.12,-11005.7,-5775.6
4.58,5352.49,-11128,-5775.48
4.59,5478.65,-11254.7,-5776.06
4.6,5403.7,-11179.4,-5775.74
4.61,5344.54,-11119.9,-5775.34
4.62,5489.25,-11265.8,-5776.59
4.63,5250.38,-11026,-5775.65
4.64,5207.49,-10983.2,-5775.73
4.65,5215.16,-10992,-5776.87
4.66,4932.73,-10708.5,-5775.76
4.67,5277.69,-11053.7,-5776.02
4.68,5341.12,-11117.6,-5776.49
4.69,5069.06,-10843.7,-5774.67
4.7,5335.97,-11112.6,-5776.6
4.71,4792.5,-10567.4,-5774.86
4.72,5114.6,-10890.8,-5776.22
4.73,5232.74,-11008.2,-5775.47
4.74,5230.27,-11006.1,-5775.83
4.75,4769.16,-10545,-5775.85
4.76,4458.44,-10233.6,-5775.12
4.77,4651.7,-10427.6,-5775.86
4.78,4619.8,-10395.3,-5775.48
4.79,4440.69,-10216.1,-5775.43
4.8,4457.82,-10233,-5775.21
4.81,4694.47,-10470.4,-5775.91
4.82,4624.03,-10399.3,-5775.25
4.83,4579.62,-10355.7,-5776.07
4.84,4310.31,-10086.2,-5775.88
4.85,4426.67,-10202.6,-5775.94
4.86,4385.5,-10160.6,-5775.14
4.87,4378.41,-10153.8,-5775.34
4.88,4488.23,-10263.8,-5775.62
4.89,4378.44,-10153.9,-5775.45
4.9,4033.76,-9808.79,-5775.02
4.91,4106.76,-9882.4,-5775.63
4.92,4247.72,-10023.1,-5775.36
4.93,4315.85,-10091.4,-5775.59
4.94,4169.06,-9944.21,-5775.15
4.95,4300.9,-10076.3,-5775.41
4.96,4361.43,-10136.8,-5775.4
4.97,4231.17,-10006.1,-5774.96
4.98,4225.27,-10000.4,-5775.13
4.99,4396.29,-10171.8,-5775.55
5,4379.48,-10154.8,-5775.29
5.01,4030.31,-9805.67,-5775.36
5.02,3796.13,-9571.35,-5775.22
5.03,4109.57,-9885.2,-5775.63
5.04,4451.24,-10226.5,-5775.23
5.05,4748.74,-10524.1,-5775.36
5.06,4832.46,-10607.5,-5775.07
5.07,4862.07,-10637.4,-5775.34
5.08,4698.14,-10473.3,-5775.16
5.09,4837.04,-10612.5,-5775.43
5.1,4938.42,-10714.8,-5776.4
5.11,4354.28,-10129.1,-5774.78
5.12,4922.63,-10699,-5776.42
5.13,4974.81,-10750.6,-5775.78
5.14,4897.56,-10672.9,-5775.36
5.15,5212.15,-10987.9,-5775.73
5.16,5246.39,-11021.9,-5775.51
5.17,5059.59,-10835.2,-5775.57
5.18,4932.52,-10708.3,-5775.82
5.19,4817.6,-10593.1,-5775.53
5.2,4933.23,-10708.5,-5775.31
5.21,5146.83,-10922.6,-5775.74
5.22,5066.79,-10842.2,-5775.39
5.23,4994.16,-10769.5,-5775.3
5.24,4971.9,-10747.5,-5775.63
5.25,4866.04,-10641.5,-5775.45
5.26,4815.62,-10591.3,-5775.7
5.27,4630.24,-10405.1,-5774.83
5.28,4761.67,-10537.4,-5775.72
5.29,4795.4,-10570.9,-5775.53
5.3,4667.31,-10442.2,-5774.9
5.31,4806.87,-10583,-5776.18
5.32,4587.34,-10362.5,-5775.12
5.33,4781.64,-10557.7,-5776.04
5.34,4715.55,-10491,-5775.48
5.35,4559.21,-10334.9,-5775.72
5.36,4347.37,-10123,-5775.66
5.37,4280.1,-10055.7,-5775.64
5.38,4362.69,-10138.3,-5775.63
5.39,4377.71,-10152.8,-5775.06
5.4,4230.89,-10006.1,-5775.16
5.41,4125.69,-9900.87,-5775.18
5.42,4176.57,-9951.69,-5775.12
5.43,4188.57,-9963.86,-5775.29
5.44,4105.79,-9881.21,-5775.42
5.45,3962.31,-9737.54,-5775.23
5.46,3897.82,-9672.93,-5775.11
5.47,4045.54,-9821.07,-5775.53
5.48,4029.4,-9804.43,-5775.03
5.49,4145.88,-9921.58,-5775.69
5.5,4025.08,-9800.47,-5775.39
5.51,4111.04,-9886.77,-5775.73
5.52,4006.86,-9781.89,-5775.04
5.53,3987.07,-9762.44,-5775.37
5.54,4054.89,-9830.23,-5775.34
5.55,4176.39,-9952.45,-5776.06
5.56,4135.71,-9911.93,-5776.22
5.57,4218.96,-9994.27,-5775.31
5.58,4049.37,-9824.29,-5774.92
5.59,3947.01,-9722.13,-5775.13
5.6,4158.06,-9933.68,-5775.62
5.61,4160.37,-9935.37,-5775
5.62,4236.4,-10011.7,-5775.34
5.63,4152.19,-9927.85,-5775.66
5.64,3960.4,-9735.56,-5775.16
5.65,4151.17,-9926.51,-5775.34
5.66,4228.16,-10003.3,-5775.16
5.67,4297.66,-10073,-5775.36
5.68,4105.6,-9880.82,-5775.22
5.69,3976.42,-9751.35,-5774.94
5.7,4241.28,-10017.1,-5775.77
5.71,4244.94,-10020.2,-5775.27
5.72,4372.72,-10148,-5775.23
5.73,4564.89,-10340.5,-5775.6
5.74,4439.78,-10214.7,-5774.92
5.75,4571.16,-10346.9,-5775.77
5.76,4431.98,-10207,-5775.05
5.77,4479.77,-10255,-5775.27
5.78,4540.59,-10315.9,-5775.28
5.79,4539.59,-10314.8,-5775.2
5.8,4603.82,-10379.5,-5775.64
5.81,4626.87,-10402.1,-5775.26
5.82,4776,-10551.6,-5775.57
5.83,4647.46,-10423,-5775.49
5.84,4624.27,-10400.1,-5775.81
5.85,4559.98,-10335.3,-5775.27
5.86,4537.62,-10312.7,-5775.12
5.87,4728.36,-10504.3,-5775.98
5.88,4432.59,-10207.6,-5775.04
5.89,4483.83,-10259.5,-5775.64
5.9,4528.37,-10303.5,-5775.09
5.91,4839.92,-10615.7,-5775.77
5.92,4864.69,-10640.2,-5775.46
5.93,4893.14,-10668.7,-5775.58
5.94,4807.92,-10583,-5775.06
5.95,4873.88,-10649.7,-5775.81
5.96,4521.83,-10296,-5774.21
5.97,4963.16,-10739.2,-5776.03
5.98,4978.67,-10754.7,-5776
5.99,4941.53,-10717.5,-5776.01
6,5031.81,-10807.7,-5775.89
6.01,4962.48,-10737.7,-5775.19
6.02,4983.27,-10759.2,-5775.97
6.03,4887.68,-10663.7,-5776.02
6.04,4850.88,-10627,-5776.12
6.05,4714.56,-10489.7,-5775.18
6.06,4815.15,-10590.9,-5775.76
6.07,4976.58,-10752.1,-5775.48
6.08,5223.77,-10999.7,-5775.9
6.09,5004.02,-10779.6,-5775.58
6.1,4657.72,-10433,-5775.24
6.11,4777.46,-10553,-5775.54
6.12,5087.13,-10862.9,-5775.8
6.13,4896.36,-10671.8,-5775.4
6.14,4894.61,-10670.4,-5775.74
6.15,4867.8,-10643.4,-5775.57
6.16,4710.85,-10486.3,-5775.43
6.17,4810.45,-10585.9,-5775.42
6.18,4732.79,-10508.7,-5775.9
6.19,4413.55,-10189.2,-5775.67
6.2,4592.53,-10368.8,-5776.25
6.21,4713.46,-10489,-5775.57
6.22,4703.36,-10479,-5775.66
6.23,4650.1,-10425.3,-5775.15
6.24,4818.87,-10594.6,-5775.69
6.25,4743.52,-10519.3,-5775.77
6.26,4510.81,-10285.6,-5774.75
6.27,4914.66,-10690.9,-5776.19
6.28,4557.25,-10332.4,-5775.15
6.29,4441.32,-10216.9,-5775.56
6.3,4571.96,-10347.3,-5775.36
6.31,4730.99,-10506.7,-5775.67
6.32,4681.33,-10456.8,-5775.48
6.33,4664.55,-10439.8,-5775.3
6.34,4722.88,-10498.5,-5775.57
6.35,4737.01,-10512.6,-5775.59
6.36,4806.49,-10581.8,-5775.3
6.37,4886.02,-10661.8,-5775.82
6.38,4443.09,-10218.6,-5775.51
6.39,4576.01,-10352.1,-5776.13
6.4,4863.32,-10638.7,-5775.39
6.41,4863.59,-10638.9,-5775.35
6.42,4597.01,-10372.3,-5775.25
6.43,4428.59,-10204.2,-5775.62
6.44,4398.05,-10173.3,-5775.29
6.45,4626.07,-10401.9,-5775.85
6.46,4738.4,-10514.4,-5775.95
6.47,4570.4,-10345.8,-5775.44
6.48,4680.92,-10456.4,-5775.43
6.49,4799.81,-10575.7,-5775.85
6.5,4679.25,-10454.8,-5775.59
6.51,4565.95,-10341.6,-5775.67
6.52,4394.74,-10169.7,-5774.93
6.53,4751.5,-10527.1,-5775.58
6.54,4761.41,-10536.6,-5775.21
6.55,4609.62,-10385.3,-5775.67
6.56,4317.64,-10092.7,-5775.02
6.57,4685.17,-10461.2,-5776.03
6.58,4682.3,-10457.6,-5775.31
6.59,4611.2,-10386.7,-5775.48
6.6,4404.93,-10180.8,-5775.83
6.61,4090.59,-9865.07,-5774.47
6.62,4413.63,-10189.4,-5775.75
6.63,4313.01,-10088.5,-5775.51
6.64,4154.58,-9929.78,-5775.19
6.65,4259.89,-10035.6,-5775.69
6.66,4113,-9888.17,-5775.17
6.67,4039.62,-9814.9,-5775.27
6.68,3949.03,-9724.02,-5774.99
6.69,4146.28,-9922.14,-5775.86
6.7,3767.97,-9542.72,-5774.75
6.71,3911.22,-9687.14,-5775.92
6.72,3953.85,-9728.88,-5775.03
6.73,4082.39,-9857.7,-5775.31
6.74,4114.77,-9889.99,-5775.22
6.75,4155.39,-9930.46,-5775.07
6.76,4181.27,-9956.72,-5775.45
6.77,4144.19,-9919.39,-5775.19
6.78,4265.14,-10040.7,-5775.53
6.79,4109.42,-9884.5,-5775.07
6.8,4335.08,-10110.6,-5775.5
6.81,4528.4,-10303.7,-5775.33
6.82,4642.52,-10418,-5775.48
6.83,4927.65,-10703.4,-5775.74
6.84,4911.18,-10686.9,-5775.75
6.85,4752.64,-10528,-5775.32
6.86,4846.07,-10621.9,-5775.86
6.87,4631.78,-10407.5,-5775.7
6.88,4555.27,-10330.7,-5775.46
6.89,4848.29,-10623.9,-5775.57
6.9,5263.56,-11039.7,-5776.14
6.91,5064.91,-10840.4,-5775.49
6.92,4807.9,-10583.3,-5775.4
6.93,5043.69,-10820.2,-5776.56
6.94,4641.63,-10416.4,-5774.79
6.95,4838.71,-10614.4,-5775.65
6.96,4810.26,-10585.9,-5775.61
6.97,4577.2,-10352,-5774.81
6.98,4812.27,-10587.8,-5775.53
6.99,4773.82,-10549.2,-5775.39
7,4462.49,-10237.4,-5774.96
7.01,4430.37,-10205.9,-5775.54
7.02,4336.41,-10111.7,-5775.26
7.03,4196.22,-9971.63,-5775.4
7.04,4231.63,-10007.2,-5775.6
7.05,4278.21,-10053.7,-5775.48
7.06,4187.49,-9962.52,-5775.03
7.07,4404.1,-10179.6,-5775.52
7.08,4540.34,-10316,-5775.65
7.09,4490.93,-10266.2,-5775.3
7.1,4436.89,-10212.4,-5775.53
7.11,4134.91,-9909.7,-5774.8
7.12,4260.47,-10036,-5775.57
7.13,4286.76,-10062.1,-5775.38
7.14,4220.92,-9996.15,-5775.23
7.15,4308.5,-10084.2,-5775.69
7.16,4143.03,-9918.43,-5775.4
7.17,3986.55,-9761.62,-5775.08
7.18,4145.61,-9921.21,-5775.6
7.19,4131.26,-9906.65,-5775.39
7.2,4128.23,-9902.96,-5774.73
7.21,4414.17,-10189.8,-5775.61
7.22,4442.71,-10218.5,-5775.77
7.23,3973.06,-9747.64,-5774.58
7.24,4035.97,-9811.23,-5775.27
7.25,4202.05,-9977.73,-5775.68
7.26,3934.35,-9708.87,-5774.52
7.27,4303.25,-10079.3,-5776.06
7.28,4170.66,-9945.9,-5775.24
7.29,4086.59,-9861.88,-5775.29
7.3,4183.71,-9958.95,-5775.25
7.31,4353.82,-10128.9,-5775.12
7.32,4531.1,-10306.5,-5775.4
7.33,4299.87,-10075.3,-5775.45
7.34,4148.98,-9924.69,-5775.71
7.35,3969.77,-9744.84,-5775.07
7.36,4274.04,-10049.9,-5775.82
7.37,4162.15,-9937.18,-5775.03
7.38,4489.05,-10265.1,-5776.08
7.39,4538.1,-10313.6,-5775.52
7.4,4403.66,-10179.4,-5775.79
7.41,4467.64,-10243.7,-5776.03
7.42,4288.31,-10063.2,-5774.94
7.43,4395.16,-10171.4,-5776.24
7.44,4180.65,-9955.71,-5775.06
7.45,4313.36,-10089.9,-5776.57
7.46,3985.28,-9760.48,-5775.21
7.47,4408.78,-10185.2,-5776.41
7.48,4224.13,-9999.26,-5775.13
7.49,4408.68,-10185.3,-5776.66
7.5,4432.45,-10207.7,-5775.21
7.51,4565.04,-10340.8,-5775.72
7.52,4333.52,-10108.8,-5775.29
7.53,4281.42,-10056.9,-5775.46
7.54,4318.72,-10094.5,-5775.74
7.55,4456.26,-10232.1,-5775.8
7.56,4604.25,-10379.7,-5775.49
7.57,4425.44,-10200.6,-5775.2
7.58,4161.15,-9936.49,-5775.34
7.59,4078.35,-9853.78,-5775.43
7.6,4279.26,-10054.9,-5775.67
7.61,4284.25,-10059.4,-5775.12
7.62,4380.69,-10155.9,-5775.23
7.63,4366.34,-10141.7,-5775.41
7.64,4152.92,-9927.87,-5774.95
7.65,4289.54,-10064.9,-5775.36
7.66,4267.6,-10043.1,-5775.54
7.67,4211.17,-9986.74,-5775.57
7.68,4160.78,-9936.01,-5775.23
7.69,4068.33,-9843.61,-5775.29
7.7,4208.19,-9983.79,-5775.59
7.71,4341.38,-10116.9,-5775.49
7.72,4349.87,-10125.2,-5775.31
7.73,4398.85,-10174.4,-5775.57
7.74,4323.73,-10099.1,-5775.37
7.75,4191.1,-9966.6,-5775.5
7.76,4317.56,-10093,-5775.49
7.77,4427.74,-10203.6,-5775.83
7.78,4186.39,-9961.3,-5774.91
7.79,4568.8,-10344.6,-5775.8
7.8,4644.86,-10420.2,-5775.34
7.81,4489.55,-10264.8,-5775.25
7.82,4304.53,-10080.2,-5775.7
7.83,4166.23,-9941.51,-5775.28
7.84,4362.95,-10138.5,-5775.53
7.85,4349.28,-10124.6,-5775.31
7.86,4241.18,-10016.3,-5775.16
7.87,4427.47,-10203.6,-5776.1
7.88,4313.11,-10088.1,-5774.95
7.89,4524.73,-10300.2,-5775.45
7.9,4498.23,-10273.4,-5775.13
7.91,4410.98,-10186.2,-5775.18
7.92,4438.12,-10213.9,-5775.77
7.93,4209.31,-9984.36,-5775.05
7.94,4187.25,-9962.6,-5775.35
7.95,4325.05,-10100.7,-5775.7
7.96,4331.13,-10106.7,-5775.62
7.97,4386.91,-10162.4,-5775.46
7.98,4619.49,-10395.5,-5776
7.99,4643.33,-10418.9,-5775.59
8,4739.76,-10515.4,-5775.66
8.01,4767.03,-10542.5,-5775.43
8.02,4572.26,-10347.8,-5775.51
8.03,4464.18,-10239.2,-5775.02
8.04,4811.06,-10586.7,-5775.63
8.05,4742.28,-10517.7,-5775.41
8.06,4440.63,-10216.4,-5775.73
8.07,4245.74,-10021.4,-5775.62
8.08,4319.35,-10095,-5775.63
8.09,4310.2,-10085.4,-5775.19
8.1,4633.2,-10409,-5775.75
8.11,4658.72,-10434.1,-5775.36
8.12,4579.2,-10354.4,-5775.16
8.13,4671.9,-10447.1,-5775.24
8.14,4738.55,-10514.2,-5775.62
8.15,4661.91,-10437.2,-5775.28
8.16,4586.42,-10362.2,-5775.81
8.17,4325.58,-10101.3,-5775.7
8.18,4514.62,-10290.7,-5776.05
8.19,4716,-10492.4,-5776.38
8.2,4358.47,-10133.5,-5775.04
8.21,4555.55,-10331.2,-5775.65
8.22,4468.21,-10244.1,-5775.89
8.23,4353.08,-10128.8,-5775.77
8.24,4419.65,-10195.1,-5775.43
8.25,4473.72,-10249.8,-5776.13
8.26,4514.06,-10290.6,-5776.54
8.27,4531.75,-10307.7,-5775.91
8.28,4608.24,-10384.2,-5775.96
8.29,4280.18,-10055.4,-5775.24
8.3,4429.45,-10205.2,-5775.75
8.31,4303.58,-10079.2,-5775.66
8.32,4022.51,-9798.16,-5775.64
8.33,4170.54,-9946.51,-5775.97
8.34,4359.68,-10135,-5775.32
8.35,4603.14,-10378.5,-5775.4
8.36,4463.68,-10239,-5775.32
8.37,4115.21,-9890.87,-5775.66
8.38,3852.78,-9627.93,-5775.15
8.39,4104.88,-9880.71,-5775.83
8.4,4449.14,-10224.9,-5775.8
8.41,4516.81,-10292.4,-5775.57
8.42,4193.01,-9968.15,-5775.13
8.43,4217.11,-9992.58,-5775.47
8.44,4436.64,-10211.8,-5775.15
8.45,4674.86,-10450.2,-5775.38
8.46,4665.49,-10441.1,-5775.66
8.47,4529.25,-10304.1,-5774.89
8.48,4796.13,-10571.8,-5775.72
8.49,4660.9,-10436,-5775.12
8.5,4756.68,-10533.1,-5776.46
8.51,4475.34,-10250.2,-5774.84
8.52,4859.44,-10635.3,-5775.91
8.53,4728.22,-10503.4,-5775.14
8.54,4653.17,-10428.5,-5775.33
8.55,4567.26,-10343.5,-5776.24
8.56,4218.59,-9994.08,-5775.49
8.57,4535.35,-10310.9,-5775.58
8.58,4617.3,-10392.9,-5775.58
8.59,4530.52,-10306.2,-5775.67
8.6,4307.04,-10082.3,-5775.24
8.61,4379.72,-10155.5,-5775.76
8.62,4275.55,-10051.3,-5775.74
8.63,3992.78,-9767.76,-5774.98
8.64,4262.67,-10038.6,-5775.92
8.65,4027.35,-9802.66,-5775.31
8.66,3813.28,-9588.48,-5775.2
8.67,3882.62,-9657.94,-5775.32
8.68,3903.1,-9678.57,-5775.47
8.69,3744.56,-9519.81,-5775.24
8.7,3804.72,-9580.23,-5775.51
8.71,3775.43,-9550.61,-5775.18
8.72,3763.35,-9538.51,-5775.16
8.73,3791.41,-9566.76,-5775.35
8.74,3754.37,-9529.47,-5775.11
8.75,3738.02,-9513.39,-5775.37
8.76,3558.57,-9334.24,-5775.67
8.77,3403.03,-9177.99,-5774.96
8.78,3785.52,-9561.4,-5775.88
8.79,3692.48,-9467.52,-5775.03
8.8,3768.11,-9543.17,-5775.06
8.81,3979.75,-9754.96,-5775.21
8.82,4034.52,-9810.1,-5775.57
8.83,3807.61,-9582.79,-5775.19
8.84,3635.96,-9410.43,-5774.47
8.85,3825.49,-9601.53,-5776.05
8.86,3742.33,-9517.51,-5775.18
8.87,4096.92,-9872.69,-5775.76
8.88,4190.77,-9966.47,-5775.7
8.89,4035.61,-9811,-5775.39
8.9,4181.2,-9957.31,-5776.11
8.91,4149.33,-9924.87,-5775.55
8.92,4082.28,-9857.35,-5775.07
8.93,4155.55,-9930.96,-5775.41
8.94,4060.98,-9835.98,-5775
8.95,4149.19,-9925.03,-5775.84
8.96,4200.14,-9975.45,-5775.3
8.97,4330.99,-10106.6,-5775.62
8.98,3923.96,-9698.51,-5774.55
8.99,4129.56,-9905.28,-5775.72
9,4071.09,-9845.91,-5774.82
9.01,4303.04,-10078.8,-5775.76
9.02,4306.3,-10082,-5775.65
9.03,4083.59,-9858.79,-5775.2
9.04,3989.16,-9764.69,-5775.53
9.05,4098.88,-9874.32,-5775.45
9.06,4356.52,-10132,-5775.53
9.07,4285.72,-10060.5,-5774.77
9.08,4588.74,-10364.3,-5775.56
9.09,4544.23,-10319.2,-5775
9.1,4522.09,-10297.2,-5775.12
9.11,4559.8,-10335,-5775.25
9.12,4609.97,-10385.1,-5775.14
9.13,4812.49,-10587.8,-5775.34
9.14,4805.86,-10581.1,-5775.22
9.15,4762,-10537.1,-5775.15
9.16,4806.77,-10582.2,-5775.43
9.17,4739.54,-10514.4,-5774.86
9.18,4938.09,-10713.5,-5775.45
9.19,5005.65,-10781.2,-5775.56
9.2,4950.05,-10725.5,-5775.46
9.21,4945.9,-10721.4,-5775.48
9.22,4891.47,-10666.8,-5775.31
9.23,4993.24,-10768.6,-5775.31
9.24,5169.37,-10945.5,-5776.16
9.25,4782.77,-10558.5,-5775.75
9.26,4507.98,-10283.3,-5775.29
9.27,4882.06,-10658.1,-5775.99
9.28,5097.64,-10872.8,-5775.19
9.29,5191.73,-10967.6,-5775.91
9.3,4792,-10566.6,-5774.59
9.31,5043,-10818.7,-5775.68
9.32,4980,-10755.3,-5775.26
9.33,5056.39,-10832.4,-5776.06
9.34,4833.34,-10608.5,-5775.16
9.35,5103.96,-10879.9,-5775.89
9.36,5325.67,-11100.5,-5774.86
9.37,5449.39,-11225.1,-5775.75
9.38,5225.93,-11001,-5775.07
9.39,5506.82,-11282.5,-5775.68
9.4,5449.88,-11225.5,-5775.61
9.41,5385.94,-11162.3,-5776.35
9.42,5011.72,-10787,-5775.31
9.43,4909.41,-10685.1,-5775.74
9.44,4883.22,-10658.5,-5775.26
9.45,5036.2,-10812.1,-5775.87
9.46,4967.79,-10743.3,-5775.51
9.47,4773.07,-10548.5,-5775.4
9.48,4656.89,-10432.2,-5775.34
9.49,4827.78,-10603.3,-5775.51
9.5,4950.14,-10725.8,-5775.63
9.51,4727.51,-10502.4,-5774.87
9.52,4717.05,-10492.8,-5775.74
9.53,4712.2,-10487.7,-5775.49
9.54,4811.19,-10586.3,-5775.15
9.55,4849.21,-10625,-5775.74
9.56,4600.43,-10375.6,-5775.21
9.57,4519.22,-10294.4,-5775.2
9.58,4677.43,-10453.1,-5775.65
9.59,4501.83,-10277.3,-5775.44
9.6,4287.06,-10061.9,-5774.85
9.61,4564.19,-10339.7,-5775.54
9.62,4659.6,-10435.1,-5775.53
9.63,4453.27,-10228.7,-5775.41
9.64,4333.72,-10109.2,-5775.44
9.65,4430.04,-10204.9,-5774.86
9.66,4569.47,-10345.2,-5775.77
9.67,4550.74,-10326.6,-5775.88
9.68,4581.01,-10356.4,-5775.4
9.69,4561.61,-10336.8,-5775.23
9.7,4644.39,-10420.5,-5776.14
9.71,4547.14,-10323,-5775.88
9.72,4554.28,-10329.7,-5775.46
9.73,4534.01,-10309.6,-5775.55
9.74,4450.37,-10225.6,-5775.26
9.75,4682.22,-10458,-5775.76
9.76,4582.49,-10357.7,-5775.22
9.77,4394.78,-10170.8,-5776.01
9.78,4157.45,-9934.03,-5776.59
9.79,4146.12,-9921.58,-5775.46
9.8,4358.2,-10133.6,-5775.36
9.81,4372.5,-10147.8,-5775.25
9.82,4375.53,-10151,-5775.45
9.83,4298.63,-10073.4,-5774.8
9.84,4426.48,-10201.8,-5775.28
9.85,4467.33,-10242.4,-5775.07
9.86,4428.29,-10203.7,-5775.4
9.87,4138.23,-9913.4,-5775.17
9.88,3889.09,-9663.97,-5774.88
9.89,4074,-9849.12,-5775.12
9.9,4495.29,-10270.8,-5775.48
9.91,4477.77,-10253.2,-5775.46
9.92,4306.14,-10081.5,-5775.37
9.93,4172.35,-9947.47,-5775.12
9.94,4223.99,-9999.03,-5775.03
9.95,4476.64,-10252.4,-5775.73
9.96,4403.95,-10179.2,-5775.22
9.97,4347.51,-10122.7,-5775.21
9.98,4623.42,-10399.1,-5775.69
9.99,4695.52,-10471,-5775.53
